,species,mhc,peptide_length,cv,sequence,inequality,meas
9536,mouse,H-2-Ld,8,TBD,AFDVFKEL,=,70064.904975
9537,mouse,H-2-Ld,8,TBD,CFDVFKEL,=,17663.238085
9538,mouse,H-2-Ld,8,TBD,GPLLVLQA,>,50000.0
9539,mouse,H-2-Ld,8,TBD,ILSPFLPL,=,15853.338930000002
9540,mouse,H-2-Ld,8,TBD,IPIPSSWA,=,4500.0
9541,mouse,H-2-Ld,8,TBD,IPQSLDSW,>,50000.0
9542,mouse,H-2-Ld,8,TBD,ISHNFCNL,=,379.84137400000003
9543,mouse,H-2-Ld,8,TBD,KVVRFDKL,=,67584.53353300001
9544,mouse,H-2-Ld,8,TBD,KVVRVDKL,=,73359.768743
9545,mouse,H-2-Ld,8,TBD,LPIFFCLW,>,50000.0
9546,mouse,H-2-Ld,8,TBD,LSPFPFDL,=,2076.923077
9547,mouse,H-2-Ld,8,TBD,LSPYPFDL,=,771.428571
9548,mouse,H-2-Ld,8,TBD,MGLIYNRM,=,10844.035909999999
9549,mouse,H-2-Ld,8,TBD,RTFSFQLI,>,87096.77419400001
9550,mouse,H-2-Ld,8,TBD,SIINFEKL,=,45392.578142
9551,mouse,H-2-Ld,8,TBD,VPFVQWFV,=,55.102041
9552,mouse,H-2-Ld,8,TBD,YTVKYPNL,=,3371.847181
9553,mouse,H-2-Ld,9,TBD,APPKGTEIF,=,38857.972219
9554,mouse,H-2-Ld,9,TBD,APPKGTEVF,>,77142.857143
9555,mouse,H-2-Ld,9,TBD,APSHAEDAM,=,21365.125281
9556,mouse,H-2-Ld,9,TBD,ASNENMETM,=,37592.484274
9557,mouse,H-2-Ld,9,TBD,AVLTHVKIN,=,20708.054699
9558,mouse,H-2-Ld,9,TBD,AVYGNIKHK,>,68958.27
9559,mouse,H-2-Ld,9,TBD,AYERMCNIL,=,40722.968722000005
9560,mouse,H-2-Ld,9,TBD,CPGYRWMCL,=,27000.0
9561,mouse,H-2-Ld,9,TBD,CRIPVIVAD,=,54239.179749
9562,mouse,H-2-Ld,9,TBD,CYNAVLTHV,>,77142.857143
9563,mouse,H-2-Ld,9,TBD,DPAFRANTA,>,50000.0
9564,mouse,H-2-Ld,9,TBD,DPALNMENI,>,50000.0
9565,mouse,H-2-Ld,9,TBD,DPRVRGLYF,>,50000.0
9566,mouse,H-2-Ld,9,TBD,DPSRGRLGL,=,19285.714286000002
9567,mouse,H-2-Ld,9,TBD,EPDLARVVM,=,4254.658041
9568,mouse,H-2-Ld,9,TBD,EPELARVVM,=,30683.79938
9569,mouse,H-2-Ld,9,TBD,FAAEAAYEF,=,856.9701349999999
9570,mouse,H-2-Ld,9,TBD,FAPGNYPAL,=,1175.468135
9571,mouse,H-2-Ld,9,TBD,FAVRPQVPL,>,50000.0
9572,mouse,H-2-Ld,9,TBD,FDVRPQVPL,>,50000.0
9573,mouse,H-2-Ld,9,TBD,FFVRPQVPL,>,50000.0
9574,mouse,H-2-Ld,9,TBD,FGVRPQVPL,>,50000.0
9575,mouse,H-2-Ld,9,TBD,FILGIIITV,=,49099.025302999995
9576,mouse,H-2-Ld,9,TBD,FKVRPQVPL,>,50000.0
9577,mouse,H-2-Ld,9,TBD,FLIVSLCPT,>,77142.857143
9578,mouse,H-2-Ld,9,TBD,FLVRPQVPL,>,50000.0
9579,mouse,H-2-Ld,9,TBD,FNVRPQVPL,=,13500.0
9580,mouse,H-2-Ld,9,TBD,FPDHQLDPA,>,50000.0
9582,mouse,H-2-Ld,9,TBD,FPVRPQVPA,>,50000.0
9583,mouse,H-2-Ld,9,TBD,FPVRPQVPC,>,50000.0
9584,mouse,H-2-Ld,9,TBD,FPVRPQVPD,>,50000.0
9585,mouse,H-2-Ld,9,TBD,FPVRPQVPF,=,112.5
9586,mouse,H-2-Ld,9,TBD,FPVRPQVPG,>,50000.0
9587,mouse,H-2-Ld,9,TBD,FPVRPQVPH,>,50000.0
9588,mouse,H-2-Ld,9,TBD,FPVRPQVPI,=,1350.0
9589,mouse,H-2-Ld,9,TBD,FPVRPQVPK,>,50000.0
9590,mouse,H-2-Ld,9,TBD,FPVRPQVPL,=,192.85714299999998
9591,mouse,H-2-Ld,9,TBD,FPVRPQVPM,=,50.943396
9592,mouse,H-2-Ld,9,TBD,FPVRPQVPN,>,50000.0
9593,mouse,H-2-Ld,9,TBD,FPVRPQVPQ,>,50000.0
9594,mouse,H-2-Ld,9,TBD,FPVRPQVPT,>,50000.0
9595,mouse,H-2-Ld,9,TBD,FPVRPQVPV,=,1588.2352939999998
9596,mouse,H-2-Ld,9,TBD,FPVRPQVPW,>,50000.0
9597,mouse,H-2-Ld,9,TBD,FPVRPQVPY,>,50000.0
9598,mouse,H-2-Ld,9,TBD,FQPQNGQFI,=,8772.462575
9599,mouse,H-2-Ld,9,TBD,FQVRPQVPL,>,50000.0
9600,mouse,H-2-Ld,9,TBD,FSVRPQVPL,>,50000.0
9601,mouse,H-2-Ld,9,TBD,FTVRPQVPL,>,50000.0
9602,mouse,H-2-Ld,9,TBD,FYIQMCTEL,=,13349.07717
9603,mouse,H-2-Ld,9,TBD,GLFDFVNFV,>,77142.857143
9604,mouse,H-2-Ld,9,TBD,GPFDLALDV,=,66794.043959
9605,mouse,H-2-Ld,9,TBD,GYCLTKWMI,=,4872.3702
9606,mouse,H-2-Ld,9,TBD,GYKDGNEYI,=,34431.781925
9607,mouse,H-2-Ld,9,TBD,GYLTDNDEI,>,77142.857143
9608,mouse,H-2-Ld,9,TBD,HPAAMPHLL,=,245.45454500000002
9609,mouse,H-2-Ld,9,TBD,HVDGKILFV,>,64102.52
9610,mouse,H-2-Ld,9,TBD,HVKINDKCP,=,48666.426339
9611,mouse,H-2-Ld,9,TBD,IGGIRMVDI,>,77142.857143
9612,mouse,H-2-Ld,9,TBD,ILDDNLYKV,>,77142.857143
9613,mouse,H-2-Ld,9,TBD,ILQAAGTAF,=,815.883311
9614,mouse,H-2-Ld,9,TBD,INFEAPVSI,=,5863.1956390000005
9615,mouse,H-2-Ld,9,TBD,IPAALIILL,=,55.318709
9616,mouse,H-2-Ld,9,TBD,IPEYNDGLL,=,8882.011449
9617,mouse,H-2-Ld,9,TBD,IPFIAYFVL,=,1.460145
9618,mouse,H-2-Ld,9,TBD,IPIPSSWAF,=,168.75
9619,mouse,H-2-Ld,9,TBD,IPLKIVRFF,=,19.805156
9620,mouse,H-2-Ld,9,TBD,IPMFNKGHF,=,77.732835
9621,mouse,H-2-Ld,9,TBD,IPMSIISFF,=,2.343163
9622,mouse,H-2-Ld,9,TBD,IPPGERQLI,=,542.8525080000001
9623,mouse,H-2-Ld,9,TBD,IPQSLDSWW,>,50000.0
9624,mouse,H-2-Ld,9,TBD,IPVIVADDL,=,56.241105000000005
9625,mouse,H-2-Ld,9,TBD,ISFEAPVSI,=,14031.231893
9626,mouse,H-2-Ld,9,TBD,ISPLMVAYM,=,5355.523104
9627,mouse,H-2-Ld,9,TBD,ISTQNHRAL,>,50000.0
9628,mouse,H-2-Ld,9,TBD,ISTQNYRAL,>,50000.0
9629,mouse,H-2-Ld,9,TBD,IVADDLTAA,=,38031.941463
9630,mouse,H-2-Ld,9,TBD,IYSTVASSL,>,77142.857143
9631,mouse,H-2-Ld,9,TBD,IYVGNGQMI,=,53111.889558999996
9632,mouse,H-2-Ld,9,TBD,KAMAADAGI,=,42932.996366
9633,mouse,H-2-Ld,9,TBD,KAVANFATM,=,27000.0
9634,mouse,H-2-Ld,9,TBD,KAVYNAATM,>,50000.0
9635,mouse,H-2-Ld,9,TBD,KAVYNFAAM,=,27000.0
9636,mouse,H-2-Ld,9,TBD,KAVYNFATC,=,13143.230354000001
9637,mouse,H-2-Ld,9,TBD,KAVYNFATM,=,39520.5349989
9638,mouse,H-2-Ld,9,TBD,KAVYNYATM,>,50000.0
9639,mouse,H-2-Ld,9,TBD,KPDKIYGKI,=,7041.787902
9640,mouse,H-2-Ld,9,TBD,KPFNNILNL,=,1.7393330000000002
9641,mouse,H-2-Ld,9,TBD,KPLNILNIV,=,536.70476
9642,mouse,H-2-Ld,9,TBD,KVCYNAVLT,>,77142.857143
9643,mouse,H-2-Ld,9,TBD,KYAAAVAGL,=,63888.550778
9644,mouse,H-2-Ld,9,TBD,KYGVSVQDI,=,39821.124436
9645,mouse,H-2-Ld,9,TBD,LMDSIFVST,=,10414.856209
9646,mouse,H-2-Ld,9,TBD,LMYDIINSV,>,77142.857143
9647,mouse,H-2-Ld,9,TBD,LPEYNDGLL,=,60014.82030399999
9648,mouse,H-2-Ld,9,TBD,LPGCSFSIF,=,48.214286
9649,mouse,H-2-Ld,9,TBD,LPGEVLLRF,=,1276.293168
9650,mouse,H-2-Ld,9,TBD,LPIFFCLWV,=,3857.142857
9651,mouse,H-2-Ld,9,TBD,LPNPAFIHI,=,1.021208
9652,mouse,H-2-Ld,9,TBD,LPQEFISWF,=,27.383532000000002
9653,mouse,H-2-Ld,9,TBD,LPQEFVSWF,=,35.51683
9654,mouse,H-2-Ld,9,TBD,LPQSCYLNF,=,7.4488970000000005
9655,mouse,H-2-Ld,9,TBD,LPRPDTRHL,>,77142.857143
9656,mouse,H-2-Ld,9,TBD,LPSDFFPSV,=,4285.714286
9657,mouse,H-2-Ld,9,TBD,LPVCAFSSA,=,1173.913043
9658,mouse,H-2-Ld,9,TBD,LSLRNPILV,=,66917.015608
9659,mouse,H-2-Ld,9,TBD,LTFPTDGFF,=,3887.915698
9660,mouse,H-2-Ld,9,TBD,LTHVKINDK,>,77142.857143
9661,mouse,H-2-Ld,9,TBD,LYEKVKSQL,>,77142.857143
9662,mouse,H-2-Ld,9,TBD,MPKFCYGRI,=,255.712594
9663,mouse,H-2-Ld,9,TBD,MPLFPTFSM,=,17.870964999999998
9664,mouse,H-2-Ld,9,TBD,NALLARISM,=,1149.545501
9665,mouse,H-2-Ld,9,TBD,NAVLTHVKI,>,77142.857143
9666,mouse,H-2-Ld,9,TBD,NPIRVGMSM,=,552.908275
9667,mouse,H-2-Ld,9,TBD,NPLSNPFYM,=,1.633492
9668,mouse,H-2-Ld,9,TBD,PCRIPVIVA,>,77142.857143
9669,mouse,H-2-Ld,9,TBD,PPHGGLLGW,>,50000.0
9670,mouse,H-2-Ld,9,TBD,PPLSTKTMF,=,11598.37315
9671,mouse,H-2-Ld,9,TBD,PPTCPGYRW,>,50000.0
9672,mouse,H-2-Ld,9,TBD,PVIVADDLT,=,3719.082354
9673,mouse,H-2-Ld,9,TBD,PYIACRTSI,=,3893.4120000000003
9674,mouse,H-2-Ld,9,TBD,QLSPFPFDL,=,35.0
9675,mouse,H-2-Ld,9,TBD,QPQPGRENF,=,25.0
9676,mouse,H-2-Ld,9,TBD,QPQRGYENF,=,317.647059
9677,mouse,H-2-Ld,9,TBD,QPRAPIRPI,>,50000.0
9678,mouse,H-2-Ld,9,TBD,QPTPLSPPL,=,6000.0
9679,mouse,H-2-Ld,9,TBD,RIPVIVADD,>,77142.857143
9680,mouse,H-2-Ld,9,TBD,RKVCYNAVL,=,39442.335419
9681,mouse,H-2-Ld,9,TBD,RLKTSGVYM,=,12272.727273
9682,mouse,H-2-Ld,9,TBD,RLYDYFTRV,>,77142.857143
9683,mouse,H-2-Ld,9,TBD,RPDTRHLRV,=,844.6145230000001
9684,mouse,H-2-Ld,9,TBD,RPDYSHINF,=,167.43283
9685,mouse,H-2-Ld,9,TBD,RPGIGKTCF,=,71.838382
9686,mouse,H-2-Ld,9,TBD,RPNASGVYM,=,19.285714000000002
9687,mouse,H-2-Ld,9,TBD,RPPIFIRRL,>,50000.0
9688,mouse,H-2-Ld,9,TBD,RPQASGVAM,=,12.272727
9689,mouse,H-2-Ld,9,TBD,RPQASGVYM,=,2.13146149596
9690,mouse,H-2-Ld,9,TBD,RPQASQVYM,=,3.75
9691,mouse,H-2-Ld,9,TBD,RPQGSGVYM,=,39.130435
9692,mouse,H-2-Ld,9,TBD,RPRGDNFAV,=,27000.0
9693,mouse,H-2-Ld,9,TBD,RVYEALYYV,=,1737.1971019999999
9694,mouse,H-2-Ld,9,TBD,SALKAAQEM,=,1065.268798
9695,mouse,H-2-Ld,9,TBD,SKPAADFNF,=,1413.388306
9696,mouse,H-2-Ld,9,TBD,SLDSWWTSL,>,50000.0
9697,mouse,H-2-Ld,9,TBD,SLSAYIIRV,>,77142.857143
9698,mouse,H-2-Ld,9,TBD,SNHAAGYDL,=,5.324361
9699,mouse,H-2-Ld,9,TBD,SPFLPLLPI,=,3802.8169009999997
9700,mouse,H-2-Ld,9,TBD,SPGAAGYDL,=,3.682756
9701,mouse,H-2-Ld,9,TBD,SPMYLWFNV,=,11.324835
9702,mouse,H-2-Ld,9,TBD,SPTRQSPYA,=,1922.286262
9703,mouse,H-2-Ld,9,TBD,SPTVWLSVI,=,27000.0
9704,mouse,H-2-Ld,9,TBD,SPYAAGYDL,<,1.0
9705,mouse,H-2-Ld,9,TBD,SSYRRPVGI,>,77142.857143
9706,mouse,H-2-Ld,9,TBD,STLNFNNLR,>,75056.88
9707,mouse,H-2-Ld,9,TBD,SYIPSAEKI,=,30816.133237000002
9708,mouse,H-2-Ld,9,TBD,THVKINDKC,>,77142.857143
9709,mouse,H-2-Ld,9,TBD,TLLGLILFV,=,5273.528027
9710,mouse,H-2-Ld,9,TBD,TPARVTGGV,=,19285.714286000002
9711,mouse,H-2-Ld,9,TBD,TPGEILFDL,=,7.778047
9712,mouse,H-2-Ld,9,TBD,TPPDVTNWM,=,15014.836799
9713,mouse,H-2-Ld,9,TBD,TPQERSAVF,=,6835.464943000001
9714,mouse,H-2-Ld,9,TBD,TQNHRALDL,=,67000.0
9715,mouse,H-2-Ld,9,TBD,TYQRTRALV,=,71836.619844
9716,mouse,H-2-Ld,9,TBD,VCYNAVLTH,=,55367.872866
9717,mouse,H-2-Ld,9,TBD,VFCAAVGRL,=,6200.264856000001
9718,mouse,H-2-Ld,9,TBD,VGPSNSPIF,=,1006.657057
9719,mouse,H-2-Ld,9,TBD,VIVADDLTA,=,19241.587768
9720,mouse,H-2-Ld,9,TBD,VLTHVKIND,>,77142.857143
9721,mouse,H-2-Ld,9,TBD,VLYDEFVTI,>,77142.857143
9722,mouse,H-2-Ld,9,TBD,VSFGAPSLL,=,21774.901641
9723,mouse,H-2-Ld,9,TBD,VTAAASLDL,=,17143.63465
9724,mouse,H-2-Ld,9,TBD,WGPSLYSIL,>,77142.857143
9725,mouse,H-2-Ld,9,TBD,WPDANKVGA,>,50000.0
9726,mouse,H-2-Ld,9,TBD,YLPEVISTI,>,77142.857143
9727,mouse,H-2-Ld,9,TBD,YNAVLTHVK,=,57022.46141799999
9728,mouse,H-2-Ld,9,TBD,YPALMPLYA,=,27000.0
9729,mouse,H-2-Ld,9,TBD,YPHFMPTNL,=,10.418172224500001
9730,mouse,H-2-Ld,9,TBD,YPHYMPTNL,=,9.642857000000001
9731,mouse,H-2-Ld,9,TBD,YPMDNVINF,=,10.1934
9732,mouse,H-2-Ld,10,TBD,AFEFINSLLK,>,69230.769231
9733,mouse,H-2-Ld,10,TBD,CPPTCPGYRW,>,50000.0
9734,mouse,H-2-Ld,10,TBD,CSANNSHHYI,=,48765.490807
9735,mouse,H-2-Ld,10,TBD,FPDHQLDPAF,>,50000.0
9736,mouse,H-2-Ld,10,TBD,FPHCLAFSYM,=,391.304348
9737,mouse,H-2-Ld,10,TBD,GPCRTCMTTA,=,27000.0
9738,mouse,H-2-Ld,10,TBD,GPLLVLQAGF,=,900.0
9739,mouse,H-2-Ld,10,TBD,GPRLNTLCGF,=,41538.461537999996
9740,mouse,H-2-Ld,10,TBD,HYISMGTSGL,=,38587.181657
9741,mouse,H-2-Ld,10,TBD,IIIPFIAYFV,>,69230.769231
9742,mouse,H-2-Ld,10,TBD,ILMIFISSFL,>,69230.769231
9743,mouse,H-2-Ld,10,TBD,IPIPSSWAFA,=,150.0
9744,mouse,H-2-Ld,10,TBD,IPQSLDSWWT,=,9642.857143000001
9745,mouse,H-2-Ld,10,TBD,IPSSWAFGKF,=,2842.105263
9746,mouse,H-2-Ld,10,TBD,KPSDGNCTCI,>,50000.0
9747,mouse,H-2-Ld,10,TBD,LPIFFCLWVY,>,50000.0
9748,mouse,H-2-Ld,10,TBD,LPLLPIFFCL,=,192.85714299999998
9749,mouse,H-2-Ld,10,TBD,MPKFCYGRIA,>,72972.972973
9750,mouse,H-2-Ld,10,TBD,NPNKDTWPDA,>,50000.0
9751,mouse,H-2-Ld,10,TBD,NPVLTTASPL,>,50000.0
9752,mouse,H-2-Ld,10,TBD,NTYLFNILYK,>,64601.15
9753,mouse,H-2-Ld,10,TBD,PPLRNTHPQA,>,50000.0
9754,mouse,H-2-Ld,10,TBD,PPTCPGYRWM,>,50000.0
9755,mouse,H-2-Ld,10,TBD,PQSLDSWWTS,>,50000.0
9756,mouse,H-2-Ld,10,TBD,QPRNLPGCSF,>,50000.0
9757,mouse,H-2-Ld,10,TBD,QSLDSWWTSL,>,50000.0
9758,mouse,H-2-Ld,10,TBD,RPDTRHLRVL,=,104.24108100000001
9759,mouse,H-2-Ld,10,TBD,RPSTRNFFEL,=,790.956954
9760,mouse,H-2-Ld,10,TBD,SGPSNTPPEI,=,34201.884956
9761,mouse,H-2-Ld,10,TBD,SPFLPLLPIF,=,12272.727273
9762,mouse,H-2-Ld,10,TBD,SPLSSIFSRI,>,50000.0
9763,mouse,H-2-Ld,10,TBD,SPTRQSPYAA,=,48952.522174
9764,mouse,H-2-Ld,10,TBD,SPTVWLSVIW,>,50000.0
9765,mouse,H-2-Ld,10,TBD,SPYAAGYDLY,=,229.838116
9766,mouse,H-2-Ld,10,TBD,SSLENFRAYV,=,48365.681554
9767,mouse,H-2-Ld,10,TBD,TPARVTGGVF,=,9000.0
9768,mouse,H-2-Ld,10,TBD,TPPHGGLLGW,>,50000.0
9769,mouse,H-2-Ld,10,TBD,VPFVQWFVGL,=,60.0
9770,mouse,H-2-Ld,10,TBD,WYWGPSLYSI,>,69230.769231
9771,mouse,H-2-Ld,10,TBD,YPELEEVQSL,=,24409.668754
9772,mouse,H-2-Ld,11,TBD,IPQSLDSWTSL,<,1.0
9773,mouse,H-2-Ld,11,TBD,IPQSLDSWWTL,=,1.285714
9774,mouse,H-2-Ld,11,TBD,IPQSLDSWWTS,=,6000.0
9775,mouse,H-2-Ld,11,TBD,IPSLDSWWTSL,=,117.391304
9776,mouse,H-2-Ld,11,TBD,PQSLDSWWTSL,>,50000.0
9777,mouse,H-2-Ld,11,TBD,QPRAPIRPIPT,>,50000.0
9778,mouse,H-2-Ld,11,TBD,SGVENPGGYCL,=,14321.818001
9779,mouse,H-2-Ld,12,TBD,APQSLDSWWTSL,=,15.0
9780,mouse,H-2-Ld,12,TBD,EPQSLDSWWTSL,=,84.375
9781,mouse,H-2-Ld,12,TBD,IAQSLDSWWTSL,>,50000.0
9782,mouse,H-2-Ld,12,TBD,IEQSLDSWWTSL,=,4285.714286
9783,mouse,H-2-Ld,12,TBD,IPASLDSWWTSL,=,4909.0909090000005
9784,mouse,H-2-Ld,12,TBD,IPESLDSWWTSL,=,13.5
9785,mouse,H-2-Ld,12,TBD,IPGSLDSWWTSL,=,24.545455
9786,mouse,H-2-Ld,12,TBD,IPPSLDSWWTSL,=,1800.0
9787,mouse,H-2-Ld,12,TBD,IPQALASWWTSL,=,27.0
9788,mouse,H-2-Ld,12,TBD,IPQALDSWWTSL,=,6.136364
9789,mouse,H-2-Ld,12,TBD,IPQCLDSWWTSL,=,24.545455
9790,mouse,H-2-Ld,12,TBD,IPQDLDSWWTSL,=,22.5
9791,mouse,H-2-Ld,12,TBD,IPQELDSWWTSL,=,314.934395511
9792,mouse,H-2-Ld,12,TBD,IPQFLDSWWTSL,=,4.285714
9793,mouse,H-2-Ld,12,TBD,IPQGLDSWWTSL,=,2.7
9794,mouse,H-2-Ld,12,TBD,IPQHLDSWWTSL,=,39.130435
9795,mouse,H-2-Ld,12,TBD,IPQILDSWWTSL,=,11.739130000000001
9796,mouse,H-2-Ld,12,TBD,IPQKLDSWWTSL,=,9.310345
9797,mouse,H-2-Ld,12,TBD,IPQLLDSWWTSL,<,1.0
9798,mouse,H-2-Ld,12,TBD,IPQMLDSWWTSL,=,4.153846
9799,mouse,H-2-Ld,12,TBD,IPQNLDSWWTSL,=,12.272727
9800,mouse,H-2-Ld,12,TBD,IPQPLDSWWTSL,=,6.27907
9801,mouse,H-2-Ld,12,TBD,IPQQLDSWWTSL,=,1.6875
9802,mouse,H-2-Ld,12,TBD,IPQRLDSWWTSL,=,27.907815437600004
9803,mouse,H-2-Ld,12,TBD,IPQSADSWWTSL,>,50000.0
9804,mouse,H-2-Ld,12,TBD,IPQSEDSWWTSL,>,50000.0
9805,mouse,H-2-Ld,12,TBD,IPQSLASWWTSL,=,4.21875
9806,mouse,H-2-Ld,12,TBD,IPQSLCSWWTSL,=,1.08
9807,mouse,H-2-Ld,12,TBD,IPQSLDAWWTSL,=,4.029851
9808,mouse,H-2-Ld,12,TBD,IPQSLDEWWTSL,=,1.8
9809,mouse,H-2-Ld,12,TBD,IPQSLDRWWTSL,=,3.10529467201
9810,mouse,H-2-Ld,12,TBD,IPQSLDSAWTSL,=,12.857142999999999
9811,mouse,H-2-Ld,12,TBD,IPQSLDSEWTSL,=,3913.043478
9812,mouse,H-2-Ld,12,TBD,IPQSLDSGWTSL,=,71.05263199999999
9813,mouse,H-2-Ld,12,TBD,IPQSLDSPWTSL,=,19.285714000000002
9814,mouse,H-2-Ld,12,TBD,IPQSLDSRWTSL,=,10.6894013577
9815,mouse,H-2-Ld,12,TBD,IPQSLDSWATSL,>,50000.0
9816,mouse,H-2-Ld,12,TBD,IPQSLDSWETSL,=,104.859314544
9817,mouse,H-2-Ld,12,TBD,IPQSLDSWGTSL,=,135.0
9818,mouse,H-2-Ld,12,TBD,IPQSLDSWPTSL,=,60.0
9819,mouse,H-2-Ld,12,TBD,IPQSLDSWRTSL,=,8911.32788646
9820,mouse,H-2-Ld,12,TBD,IPQSLDSWWASL,<,1.0
9821,mouse,H-2-Ld,12,TBD,IPQSLDSWWESL,=,1543.4872672000001
9822,mouse,H-2-Ld,12,TBD,IPQSLDSWWRSL,=,403.389655591
9823,mouse,H-2-Ld,12,TBD,IPQSLDSWWTAL,=,135.0
9824,mouse,H-2-Ld,12,TBD,IPQSLDSWWTEL,=,2.9670330000000003
9825,mouse,H-2-Ld,12,TBD,IPQSLDSWWTGL,=,2.454545
9826,mouse,H-2-Ld,12,TBD,IPQSLDSWWTPL,=,1.173913
9827,mouse,H-2-Ld,12,TBD,IPQSLDSWWTRL,=,72.5240664265
9828,mouse,H-2-Ld,12,TBD,IPQSLDSWWTSA,=,931.034483
9829,mouse,H-2-Ld,12,TBD,IPQSLDSWWTSE,=,1588.2352939999998
9830,mouse,H-2-Ld,12,TBD,IPQSLDSWWTSF,=,1.9285709999999998
9831,mouse,H-2-Ld,12,TBD,IPQSLDSWWTSL,=,51.5904136464
9832,mouse,H-2-Ld,12,TBD,IPQSLDSWWTSM,<,1.0
9833,mouse,H-2-Ld,12,TBD,IPQSLDSWWTSR,=,36742.3461417
9834,mouse,H-2-Ld,12,TBD,IPQSLDSWWTSY,=,2076.923077
9835,mouse,H-2-Ld,12,TBD,IPQSLDSWWTYL,<,1.0
9836,mouse,H-2-Ld,12,TBD,IPQSLDSWWYSL,=,3506.4935060000003
9837,mouse,H-2-Ld,12,TBD,IPQSLDSWYTSL,=,18.0
9838,mouse,H-2-Ld,12,TBD,IPQSLDSYWTSL,=,5.494534520299999
9839,mouse,H-2-Ld,12,TBD,IPQSLDYWWTSL,=,1.588235
9840,mouse,H-2-Ld,12,TBD,IPQSLESWWTSL,=,3333.333333
9841,mouse,H-2-Ld,12,TBD,IPQSLFSWWTSL,=,10.8
9842,mouse,H-2-Ld,12,TBD,IPQSLGSWWTSL,=,2.7
9843,mouse,H-2-Ld,12,TBD,IPQSLHSWWTSL,=,1.5
9844,mouse,H-2-Ld,12,TBD,IPQSLISWWTSL,=,16.875
9845,mouse,H-2-Ld,12,TBD,IPQSLKSWWTSL,=,1.08
9846,mouse,H-2-Ld,12,TBD,IPQSLLSWWTSL,<,1.0
9847,mouse,H-2-Ld,12,TBD,IPQSLMSWWTSL,<,1.0
9848,mouse,H-2-Ld,12,TBD,IPQSLNSWWTSL,=,1.5
9849,mouse,H-2-Ld,12,TBD,IPQSLPSWWTSL,=,16.875
9850,mouse,H-2-Ld,12,TBD,IPQSLQSWWTSL,<,1.0
9851,mouse,H-2-Ld,12,TBD,IPQSLRSWWTSL,=,11.750241646500001
9852,mouse,H-2-Ld,12,TBD,IPQSLSSWWTSL,<,1.0
9853,mouse,H-2-Ld,12,TBD,IPQSLTSWWTSL,=,1.6875
9854,mouse,H-2-Ld,12,TBD,IPQSLVSWWTSL,=,11.25
9855,mouse,H-2-Ld,12,TBD,IPQSLWSWWTSL,=,2.454545
9856,mouse,H-2-Ld,12,TBD,IPQSLYSWWTSL,=,6.26721738493
9857,mouse,H-2-Ld,12,TBD,IPQSRDSWWTSL,=,105.90271356299999
9858,mouse,H-2-Ld,12,TBD,IPQSYDSWWTSL,=,1588.2352939999998
9859,mouse,H-2-Ld,12,TBD,IPQTLDSWWTSL,=,7.714286
9860,mouse,H-2-Ld,12,TBD,IPQVLDSWWTSL,=,5.09434
9861,mouse,H-2-Ld,12,TBD,IPQWLDSWWTSL,=,3.69863
9862,mouse,H-2-Ld,12,TBD,IPQYLDSWWTSL,=,93.103448
9863,mouse,H-2-Ld,12,TBD,IPRSLDSWWTSL,=,391.3454485
9864,mouse,H-2-Ld,12,TBD,IPYSLDSWWTSL,<,1.0
9865,mouse,H-2-Ld,12,TBD,IRQSLDSWWTSL,>,50000.0
9866,mouse,H-2-Ld,12,TBD,IYQSLDSWWTSL,=,25980.7621135
9867,mouse,H-2-Ld,12,TBD,RPQSLDSWWTSL,=,92.3380516364
9868,mouse,H-2-Ld,12,TBD,YPQSLDSWWTSL,=,90.0
9869,mouse,H-2-Ld,13,TBD,ISTQNHRALDLVA,>,50000.0
